x1,x2,y
1.6700877657001694,2.871546783998217,-0.0816136149712804
2.859285214337618,0.9305943425596284,-0.7490327220990085
2.4754335364488425,1.6614200210102537,-0.13331470260428846
0.15585600261226723,2.9846502765366676,0.8506732384848154
1.8072797894012833,0.04546211100099282,-0.88721756185984
2.8732562691021415,1.2504447196206778,-0.7733874416025202
1.5265492109444276,2.123830750033731,0.9910568606191297
1.2826196287280316,3.0980776754291606,0.5645759294459743
2.3059865707013456,0.9702745451808783,0.06198801656622333
1.635134794016138,0.3925796165583059,-0.7943255117483081
1.9070961485433868,2.609691146931111,-0.20452160974231529
1.151481432264163,0.8626420093963291,-0.36493421347870014
1.3286886235017108,0.6261788419069532,-0.5959871185682657
0.9443400684807913,0.5655397158247694,-0.2690324497940215
2.2393263184076315,0.5200581954516131,-0.09151907165879682
2.1592158680906754,1.3765724083716588,0.37835923604865174
0.1656471944388843,0.7618067793736393,0.9381029579258411
1.6253166784308875,0.5711950382200818,-0.5955792607547179
1.7533729300793939,2.1138019130617787,0.7890588805474797
1.7425184251800332,2.9938338686230996,-0.4550766837551803
0.6275563162504305,2.152308912747034,0.06778366099854737
0.41577333362759,3.0220436478556345,0.20829246655546835
1.4368563371970466,2.8238848418533373,0.5873353155383237
1.7105684486026755,2.4467178881819565,0.48351090909576167
0.056857717213888034,2.4489340133606907,0.9839255255309773
2.0508833744017076,2.04124351983861,0.2878983427511075
0.8470810254802018,2.223614847196723,0.037864687184670585
1.573033148083935,2.773897799435145,0.34191329917095387
3.042229428808022,3.0457964580288945,-0.9679894036277624
0.8883344628758941,2.4783437928997705,0.12056621556878738
2.9932844858203884,0.17294498632578142,0.8310255913346496
1.1792602473121447,2.8800992772473437,0.6858678000907809
2.9600329758285784,1.4457423590400442,-0.3921878212561268
0.5787536553674327,2.765590831554213,-0.011966401439727561
1.2072151831714653,2.8935705746509144,0.7013683701472078
1.724648916538548,1.7510290751509963,0.9459842562427755
2.871198904707586,2.095019776900712,0.8267074150502292
0.7342719357986413,1.3657688360017495,0.05490636421011646
2.880649012149374,1.4823309695446756,-0.3710520526189041
0.8663830679879096,1.8432690801457179,0.0042214991869929655
1.363562494670835,0.5472839587763494,-0.6720687247842108
0.1520907986550159,0.900991996113268,0.9451484619753922
0.40926169219479697,0.311791229519257,0.6777445981487609
1.8669354212763714,1.4059401550433277,0.7213227297131665
0.7899136928068081,2.0908998329702233,0.000729212685267143
1.7260481001853105,0.1558857590521257,-0.9179199488328524
1.5178758306597313,2.429456639755307,0.8498153429733841
0.37970664759686046,2.789600428393623,0.3550367855970226
1.8788277981899766,2.195284903688666,0.4526044769254529
0.2778878068904899,1.1876513266589752,0.8036455998776119
0.5060926231565387,0.901926436341292,0.4757461789729171
3.08624275529127,0.09571334551423051,0.9508314838325129
1.0740952154305428,1.3941659405405193,-0.03999040816937581
2.933738258097936,1.263590365226912,-0.7724343946930278
2.7151161155035233,2.005594326004744,0.4401256433689755
0.6669283280809574,0.6092747565546525,0.2156155304293391
1.3894716296166925,2.2514986358216182,0.9348787843692669
0.733350900163722,0.3653831170341626,0.10019868943980818
1.021528489155131,3.0235221626740403,0.4542624081517324
0.3894334110775863,0.11072310854852077,0.7110484932639898
1.1267916877559767,2.865575905693011,0.6285540875134666
2.5298577431537663,2.951439095563588,0.12854757935128475
0.4960788777635835,2.6425804486035513,0.14052363387528077
0.6689012339028555,2.8291292786711706,-0.0729839014030145
1.567347634321971,1.3715565253378839,0.5470984751577682
1.7089935799184937,2.5422508138754343,0.34582544516729363
0.03144766358632634,1.732896554520389,0.996541161190448
1.5809687465492261,0.923531364780291,-0.11047314340473365
2.3141912827969384,1.7420831781126167,0.05281762711746665
0.2396090514922868,0.598761308647488,0.8782390378516206
0.04183023091354812,0.5380891086655966,0.9962500869866286
2.5969246784790063,2.64285276303588,0.38731767021081565
1.772142881426066,0.03600811763736667,-0.9181364471535925
1.092093639766492,0.7415796364930938,-0.3969576865007016
0.8846812021915619,0.2989277388206218,-0.19040589263478486
2.462978257887728,0.7931874590951999,-0.07916796409961664
2.069265868422725,2.06295559070746,0.23299161207568733
2.1197343304719585,2.2955493392178954,-0.06967276608349085
2.567020488742313,0.6043754396922274,0.007919743948665087
0.6725747753830804,2.600578951028073,-0.039678479297990746
0.6645956900988621,0.5498780721652787,0.2234614694358465
0.8967596714316526,1.1681682442254389,-0.11037257569774969
0.2532698991620262,2.05747046865154,0.7583694343157409
1.4448928567179995,0.518791430760651,-0.7088794780742017
2.0838365737324374,0.21380890429920468,-0.46758920015323147
0.23906405622063148,0.7106597838244576,0.8750751261521953
1.985751006290401,1.8985485449051738,0.5459871024824017
0.6886115931261465,2.772131279481459,-0.06381167398557837
1.0500878423328703,0.9236242570642706,-0.2855222263449728
1.0386605178300448,3.0615494944129464,0.4847851496387148
2.9778669177862733,0.0069973793828108834,0.9466595502263248
2.3503798120541535,1.6741792545677403,0.00815724408756178
2.2788810609474734,1.5661748548829537,0.1401490326979439
1.7783330973270952,0.2338012547420377,-0.8371239951274609
1.6592432979475165,2.569468388906493,0.42730528821470737
1.6665131252578336,2.6399353018270584,0.30219803312780136
1.9465366625632912,0.7916747327167801,-0.021750872758347382
3.0585731965557037,2.238650785008168,0.833557705517203
0.28313683427183767,2.5208998291355345,0.6379134956547589
2.3560817032351893,1.98676930186071,7.0814465724875425e-06
0.08138978198305631,0.0945689539715597,0.9867514053835454
2.6600473019728907,1.1768849302564217,-0.5709506835013193
1.4835865663746461,2.1434557836736303,0.9841010735698759
2.7562758767856503,0.7753531702600241,-0.384926440038346
2.028504066443318,2.975748651542975,-0.5909840504226015
1.7614135524487506,2.188426857000555,0.7020176121402874
1.711994777080168,2.3646655767423534,0.5919325406394356
0.2791283816536809,2.320400301998448,0.6764063528927889
2.856562788730794,2.7140371473096927,0.08502170889113497
2.6605564236570265,3.098487088815515,-0.21725062116081115
0.15712494415236083,1.7669773106397044,0.9146098218318344
0.7409222728674034,0.11380001915587525,0.08851893261593485
1.2758865424876307,0.05973079499821193,-0.8286289079616337
0.5756043260475378,2.0105258016994796,0.16370451782404227
0.6243327830665979,1.8984121171719195,0.1190606261071048
2.088960757524726,2.4389360217380744,-0.19010017444978436
2.9914143789224092,2.6330309906481033,-0.021495786090340707
2.0088260225625407,0.9635178119711596,0.22835950147173933
2.461628205379948,1.547212868289472,-0.16444040363617757
1.1487027826159748,1.1839525355805274,-0.13899920809946648
0.3842687088658698,2.444769516759656,0.4243353249440005
1.358420233952159,0.07191195186435066,-0.9067969762855413
1.6643904290669929,2.301948318809924,0.7579309362387767
1.5478910292166288,1.078827627804276,0.09884528793138318
2.3520500332551233,0.40686700042279184,-0.004774345128396548
0.6829919481972136,2.262623908574507,0.0051740096173527135
0.1697919597018165,1.5345803994736409,0.9110669314955492
0.7073752399073762,0.8545878304424469,0.12787070462907218
0.9201851873404883,1.9701267756611662,0.06384443982289281
1.0604695883609603,2.8867928483740553,0.5211270088920985
2.293871553208811,2.749000808807914,-0.12429141879096067
0.19611657911664993,3.0716402727433745,0.7614035515475738
1.3557422594905615,2.927314875537524,0.6153564996577252
1.6794934329209608,2.25341259007313,0.7814643163151578
1.2787353862637334,1.528626204062048,0.3124488965881253
1.9787614015149508,1.753345006424669,0.6486938260283732
2.147525837231056,2.1689888014948693,0.022050889590591902
2.371662901088973,2.4265247495039906,0.026715004672543004
0.8053937011963476,1.773483779433605,-0.005675717876885358
1.5383079411146012,2.406085417774155,0.8456221203940752
0.5877623365830389,2.1355939417471035,0.11950795653464198
2.9972265541308074,2.382140505656168,0.6278752715017905
3.120504018081776,2.1828171623343215,0.8628949219726806
2.19848568809845,2.930223590153165,-0.306306917114562
0.6592393193190001,2.5766151866461273,-0.031820759419446135
0.8957840515506098,0.34256725690298157,-0.20875292331800538
1.0032891540059494,2.511715700234452,0.34315722442505225
0.29684718986956016,1.2411847661950992,0.7732531087360455
1.6738037318311607,2.2896066388645533,0.7544637344370151
1.784526955405098,1.6300179744008512,0.8854764911374378
0.49979697086053787,2.522779027373942,0.16488640570553234
1.3208334357420883,1.9692379286193746,0.7524890951516962
2.429508524502426,2.3556179856198622,0.12377184968534875
2.6974953867639857,0.2218599277627093,0.5211789687281253
2.5774223984914553,2.7692747141522576,0.28115863341949476
2.2301820063411135,0.776120051573873,0.03975126670032185
0.5812188451946687,2.6542309610962946,0.0111600257531767
2.048946426094134,1.1937849090231762,0.44260057681656373
1.67769331278312,1.4925513445603158,0.7852623367162538
0.4281908387106468,2.092490667883,0.40932060874802906
0.8792148842958484,1.5350090855440313,-0.04092456363684366
0.26832970841932663,1.4982332310789324,0.790901714486891
1.0961511128358645,0.9368199622912067,-0.3013063410154508
2.534840358160204,1.738822117372578,-0.10494145332618969
0.61364241553439,3.0863862449814095,-0.10694831123760354
0.45141918427851135,2.28526977032494,0.3180128334456693
3.029839910315391,2.063110791480018,0.9746181464224487
0.3808425510477441,1.2263258045967986,0.6461731105000355
2.1254523443291076,0.743725640857073,0.004433591676524002
0.16391879992099992,2.612047846602527,0.8612782587233595
2.9969042607764536,0.1092887342044815,0.9074726962192055
2.017132270608478,0.07076847245644255,-0.6209526727738669
2.9643161501394695,3.0634841417177974,-0.8829719721623464
1.4055800960284002,0.2309717649592498,-0.8964906939145033
2.30162049204472,0.3553319080014721,-0.07448723853356236
2.0212867362852145,1.2712122921333557,0.5219795208530393
2.7562186966321005,0.3035421403897519,0.4806293526372483
2.3838551564403514,1.401757908761857,-0.05419099081619369
0.9512713350452067,0.8375271322977087,-0.22767979623102833
1.8777190350505406,0.07961510257546757,-0.8083217008866687
2.547280713534108,0.8974465282084916,-0.24457496594719302
2.16198554868623,1.3150223968475816,0.36197322632142875
0.46340000044976304,1.1185535834178968,0.5215304272010102
3.1286655886961188,2.38729836136787,0.3753626557274011
2.791361415991994,0.3607965492844538,0.40849811107834777
1.4744309604504156,1.9156600653492628,0.9325564695243777
1.3733657155864367,0.7112182649123483,-0.5166385613849195
2.7690145556281514,0.28370578198591645,0.5196134154241745
0.14205386823401833,3.0552281145354008,0.8709168278135536
2.526131657646406,1.9284015030654493,0.05278489204878749
3.0618336552116023,1.9032402345879254,0.8865178407027333
1.596316884466151,2.2803602225881763,0.8771163599554112
3.1129710925998335,0.027969381880968164,0.9945802506697593
1.8020170972077227,1.7476565435405886,0.894939280544913
1.531214089923648,3.1393416630851183,-0.09417822322011922
1.4931924626227475,2.1020625673436375,0.987975543431265
1.0701798981857338,2.6081317961439203,0.5064921808590466
1.979706685018246,0.18241785202611466,-0.6397048353783682
0.6467357143371667,2.6288779999033878,-0.035326919975834606
2.1974124586770447,1.6850601599577284,0.2643624211215262
0.5209036377144054,2.080588005295421,0.2361742156105524
3.068681605934652,1.2250547086559485,-0.8065548129857031
3.0016690889398827,2.807134409903957,-0.5203427931230777
2.564688895893109,1.9156694572111108,0.08074358674915225
0.3120164039519743,2.6919388786032417,0.5417080507144563
3.034939262563531,3.0841926355723763,-0.9753076981863308
0.9604399267157172,0.360798309756838,-0.3225892703518874
0.32088858248688945,0.4703412765156658,0.7919271136080078
0.27274171484197207,2.954859046667524,0.5919615003458322
0.9014436204910595,2.6812280801151536,0.17222295628019504
2.7635363220931737,0.23485293923168907,0.579586967145643
1.6370528702642557,1.2056612752099694,0.38868218293952234
0.2036931921270732,2.42560128373034,0.8083532187376584
1.7907195648065128,1.606725234374123,0.8733745673359793
0.729803837517898,1.6910996895834045,0.03665039301310895
2.810312527860022,0.7893108319324803,-0.4755161893847101
2.5676278289823387,2.7341303142228894,0.30386669563541946
2.9675290677255544,2.194163321286946,0.9156737369570964
2.427323042699563,0.7731568170001666,-0.042697273111656726
1.4213386317667769,1.0502799380243266,-0.07445885468979856
1.2858365199882595,2.946851611447603,0.6714910060617041
1.9813524133641949,1.194423494670094,0.48680298574037834
0.38170836649177275,2.039706620429876,0.5143438362473016
0.6931834384509351,2.72081535191382,-0.056855627885911114
1.3257152916333619,2.3353773183957705,0.8813415879392285
0.6166031476851376,2.41028383904176,0.027989850870381874
1.0275093304260374,2.470079151443175,0.38327137718434723
1.9220337583222595,1.765316532631638,0.7392519459753057
1.2817611639591007,2.836328295380226,0.7374262350850324
2.176859822628974,2.398877018000646,-0.17125079610979155
0.45317033879030194,1.686343329718989,0.4451676527395324
2.4545805024638225,1.9361494819175027,0.00782704615617424
2.959987103446877,1.5292280347679046,-0.1727671008191551
1.8518063542985663,1.9303761124819097,0.7680552673600011
1.388321722740348,2.959475917408969,0.5302931065443016
2.106720954161273,2.9193012829339327,-0.4742733338357243
0.1631074429469103,2.5301582310373627,0.8677358442250258
3.0691690897285877,0.7606765207488022,-0.6844623394898952
2.429092799269512,0.7436934608015486,-0.03392705111892363
1.1802624863721327,1.6817772795431187,0.28577276625202236
2.2219434913587506,1.8042321223215565,0.17160935426635926
1.3057200506412465,1.706881875919615,0.5275311034824473
1.667134151941538,2.7557100224518245,0.11579220844981615
0.3061870681312213,2.197803822785776,0.6398937580339223
0.9007604308084959,0.4373354734147155,-0.21116719251331692
1.8220123142198295,0.8815065367591437,0.030948015396963627
0.7583444200287243,0.9913909757175203,0.0395035282965901
1.4614202697712917,1.0215565478877275,-0.07594028654129686
2.6463296159882472,0.6196399220458091,-0.037785646199186715
0.5782822234734604,1.693978185254386,0.22432880649517994
0.15092508654770107,2.734917439632428,0.8745993537473971
0.38531459239724797,1.3694710947171238,0.6198811962627467
0.9361435188245227,0.8626706862589344,-0.20526153792201376
0.8316867369280903,3.058466416189864,0.07640722122965299
0.7635402939345513,1.4494027588001914,0.019562466814236356
0.9153973637363714,2.0552786069785225,0.0785711234031935
2.3723362538861705,1.6076211282348842,-0.025255467496431473
1.6934931378767852,0.9075445280670744,-0.0328547497204414
0.36448878764856235,0.20207119378262262,0.7438337223307442
1.86190945598797,2.57780745694429,-0.07278655433729694
2.4977721155470674,1.7850609965966888,-0.07012610309240223
0.6882492381868198,0.5732711001256482,0.17824316683680186
0.2607385151408404,1.6957921486682623,0.783697034768066
1.5584822033811945,0.7406685066687118,-0.4044190214137643
0.24025372552832427,2.359092501468071,0.7481011238967166
2.0648188287617257,0.5029359421065985,-0.279309824595822
2.7163284634918137,2.1121257840443017,0.5637022562475311
1.6593052560746304,1.455828985177382,0.736196709327001
2.865108136554653,0.3269453432561988,0.5041331604119726
1.0445842715667017,2.155371444664002,0.3118044611581679
2.700741215012537,1.427003685916484,-0.4812093979942403
1.7204991920208035,1.7763050847857769,0.9520247166038712
0.6818138042970564,0.1658303997808577,0.2043766373745583
0.4204551847706866,0.07645910460424221,0.6664401276659483
3.067525577181352,0.555649043664276,-0.1318140204780074
2.0056276535378097,2.949984733197226,-0.6022161143795552
0.7483520708779493,1.409521885617979,0.03652257252134942
2.1045380866402557,0.319762525221014,-0.37717487886145923
1.8398455824331612,0.3145448387988093,-0.7188623281508559
0.522249644553741,0.4487542164809455,0.48860248965043157
0.43999156200884015,0.761427227295901,0.6017398777122797
0.9860984823379297,0.22064174731145975,-0.3814966595453225
1.0514669497104416,3.0828397396919867,0.5048462121680413
2.6533613287517523,1.501216371337912,-0.37305065650880526
1.372078677627658,0.3634256778067025,-0.8097775330102458
0.11894478065564525,0.13795379331000857,0.9717066367587035
2.6487825320413845,0.3726711053401887,0.30439322953497133
2.769366129226552,2.211760124094046,0.7262963392990942
1.4050194030605603,2.5997800885376026,0.8246819984597028
2.47627158419741,1.0853925911888804,-0.2137719493663896
0.7543030163102457,1.5940560959631562,0.0223814471186438
2.0572305169745646,0.17789609677569543,-0.5256515201335168
0.7886417074406482,2.2224012381767557,0.0011733816458043339
2.353066457286713,2.8582718015637623,-0.005653420883471148
0.360267793231986,1.4298474920643431,0.6539362299153441
3.121086858218461,2.8153328084217715,-0.8026846576943645
2.12353363949635,2.0498671114070244,0.1578285186744969
0.6137349459382733,2.57546083673958,-0.003317008987360779
1.3954773724229312,1.3953298262790597,0.3451699251591047
0.9843612289629845,1.0727450396217861,-0.19080276271987223
1.134176967775403,1.8711009807336083,0.33649321145293
2.080410457620679,1.8812806899568153,0.3753826832265034
2.7030092634946437,1.4009571707541215,-0.5108104686629686
2.107982310737933,0.7555299969470162,0.010404819158932231
0.1283109931764972,0.7585610888747352,0.9626748820318002
1.9784295781182495,2.6548828219637324,-0.35259442793859397
3.0876507018514867,1.8476025267481766,0.8324517601363061
0.18386916960050256,0.3375174093469871,0.9313464703177746
0.19079841486623367,2.4549386732439613,0.8281109159598631
0.7425472366441925,1.8424904962571058,0.017228592368092627
1.6205049827284321,1.9484161206526673,0.9949375677294042
2.085397902239395,1.5873422470890253,0.5081882291056792
3.1221068302763855,1.8624487452784486,0.8916046135506186
2.139723090502139,2.355054261955135,-0.13466954879981038
2.2303551826758015,0.9839522937867091,0.14545763134872342
1.9556209272209968,2.2627280967252656,0.20353399555977078
1.5814866193783366,1.4920797719084133,0.7094219768850916
1.5841275992259864,3.12162512194359,-0.23048815088783298
0.6814000523154238,2.664627404204826,-0.050063959754973124
1.7347551076992211,1.6029466459355113,0.885736237060339
2.0312683231602433,1.320643491355612,0.5424387511837769
1.513266452590042,3.112076871447791,0.002967695268884164
2.7863452471907793,0.8781746280628241,-0.5823629044761444
1.1408391816314802,1.4146010900154908,0.028072441847060016
1.400775229970834,2.0936081673584654,0.9222415064993279
1.0869234688937326,1.349614853308628,-0.05880381157134866
2.5697113407859242,1.190593505920515,-0.4127772709967427
1.3517392176245495,0.5451944461269396,-0.6705753352346413
1.646923617811922,2.325825748843687,0.7630377743303063
2.9166329291836197,0.07130352468436267,0.8810793179580773
1.1277745594248445,0.728575738923348,-0.4307198349289595
1.8791799491750683,3.103456287375839,-0.7341041442974774
0.9805005485976108,2.4744032617915312,0.2871112257089317
3.0075508120142533,2.8734651697525653,-0.6836962627008654
1.318909239660836,0.3162783973430534,-0.8006702085535744
0.47830631033563825,1.746757038759715,0.3865868603460353
1.0625741660810837,1.0534883125771923,-0.2296197130726283
3.030353708290243,1.4297959503791857,-0.361417691539217
0.9238600971655656,0.24897714051269132,-0.26619720717867945
0.38985231077005034,2.5813990382219947,0.38040432232332194
1.9263490098293625,0.6674472980862586,-0.2130599246013591
3.0098361215460248,1.2000543543546704,-0.8606284123015339
2.2193944272860633,2.8091626847576716,-0.2698810774823354
2.316255346091128,0.22925444639605766,-0.06880543361771878
1.5089795170188085,0.5305684372410857,-0.690949518947283
2.098069140084382,2.410318696669861,-0.16676802642176491
2.2062777696903764,2.5463830070012126,-0.23239596106733731
0.7384932179779843,0.32153528295093403,0.0910439664153614
0.42106321731094076,2.366970877919703,0.3616535410537676
2.615423889041233,2.3561294469415617,0.4919243683923425
0.8940968433122809,2.8350337123904428,0.17718378323457135
0.9292253388077871,2.0422776575046444,0.0911104498665307
2.3481623196298185,2.913549416253898,-0.013624481772797164
1.1280077904462413,2.7354479650535932,0.6318512471134632
1.3819373515698223,2.6557088859987705,0.8027231029587438
0.49830934758115086,2.2372346796566256,0.23916046032513202
0.5447179665672349,0.7569261652609218,0.42418587881413994
2.7328661555977742,0.8909474897719261,-0.5202265047492566
2.2893378492923624,0.16150773858171844,-0.12430564812894503
1.172801792107555,0.287355124875096,-0.6602252444526266
2.155070196386341,0.36834458783740937,-0.274486201203046
2.9036748483644237,2.560973532309146,0.3606330361559581
0.15071175753766286,1.1664401357789729,0.9401973089546628
2.461477941087051,3.137212060790326,0.02746909248897894
0.3766711789055513,2.8880241574089522,0.3387388740940929
0.8030752479744567,1.944240187426245,-0.00033314422097866213
1.1112332889864973,0.01118245534495122,-0.6064683944448567
0.5033377875574726,0.8842021479376746,0.4825895078501301
2.2659582351523566,2.507863107303799,-0.14809526654218338
1.1429531144595912,0.19380318113915565,-0.639679842151185
2.639348648306443,3.050620291464289,-0.10536410212019337
0.9530581557332537,2.8286641477990555,0.2969224899954733
1.0464409936510999,1.044713386484269,-0.22920662628995706
1.4741304242467312,1.4830145621913342,0.5664984938904934
1.327397605176263,2.6457883945622958,0.8238895642291265
3.1407212272244442,0.8731463067512523,-0.921338371247266
2.983376205856268,1.7123024751114484,0.36662690738003806
0.787447195817701,3.0819048282629735,0.0030950696538945164
0.8380543772642804,1.6965658511110007,-0.015602790246400074
0.6996895141457147,2.64273809442265,-0.04686169224078765
2.4568665359625395,2.094339407675055,0.08393588320966301
1.6306020537627737,1.9278712260274464,0.992853092626574
3.055611941981283,2.55155034482355,0.056555733676805074
1.156123888564145,0.8576118253580605,-0.36971220177270236
2.1076333062366146,3.0208860326705183,-0.47522728775035816
1.4389822702873805,1.0219319516774141,-0.09662861095386345
1.9127547659331263,0.8839696055488221,0.09280536038642663
2.4852427998639843,1.5453075121035345,-0.19540423978913948
2.5066714396240295,3.0656767034000034,0.04995735941571802
2.718377056669029,1.6678868579353763,-0.11762092088726658
0.7168487556721833,0.6615687285226108,0.1215865715989452
0.09895926071547356,2.7712423432798894,0.9438387634781346
2.139559706338947,2.1865680871939475,0.014312110505795408
1.3848629021034566,0.7148244609489193,-0.511238760330978
1.0921127100552626,1.1252134017276854,-0.1930306938054042
1.2238482350189974,2.80492888119762,0.736392110463412
0.8770724470052933,2.14869465117111,0.05627246677593588
1.1190402460810074,0.478038733087393,-0.5323990010327644
0.939835549440654,0.29281090153575173,-0.2925485779988453
0.8412249012229602,1.287354010881795,-0.052225635120826425
0.755676128055018,2.9983252544180163,-0.03804317335039299
0.8170319060314166,1.0660164666966339,-0.04072247445828879
2.102052824809886,2.2202927975432134,0.02199826254328012
2.9100440269942878,1.8841708807975004,0.623218845736978
1.288041364288394,2.345050861446118,0.8381350442309066
2.5457522861669957,0.6467983599084656,-0.02802372413503405
2.35305045952664,2.935299582445873,-0.005104047297221625
2.620611802970752,1.4084128837996628,-0.4303037238247548
2.945291380167105,0.3781300247143794,0.40776278405603866
3.0289482679974973,2.1050849402275444,0.9705167275424775
2.118559574566448,0.5678685832325817,-0.16449980974180586
1.7649567939577062,2.419320975350702,0.3962285138108656
1.241840068810867,2.0284376457031668,0.6428015255785453
1.2198600369291626,2.0763869837745084,0.6264835372900533
0.8182725852154631,2.519402461120312,0.030964962340322498
2.8508247787117162,1.025809507115559,-0.8159887564066626
1.6528949770864687,2.08735964507922,0.9399469006105474
0.015374886602893328,1.514233873486909,0.9992563967912561
2.61121205559812,0.6744823471974268,-0.09240380748735451
2.188498379564498,0.256509717525987,-0.27862519877426783
0.763729408610464,1.3237005611525299,0.02300747565550171
0.07379288612866716,2.4467236225698565,0.973050617475382
0.8904166048257154,2.930598264291787,0.1796659021161614
1.8737533878797088,0.01300176999789455,-0.8217379198773445
2.5368006343422276,1.28546503254523,-0.3508933988247458
1.6011277411018332,2.5862954725050877,0.5398150254249009
3.0547574504518566,2.778010042108524,-0.5820042415018137
2.870578614391323,1.8378724412678837,0.4574904079743277
0.6423978301009483,2.502311266122981,-0.010346599741363684
0.30089205206466063,0.05744224620899095,0.82420379688057
1.5096240434538861,0.7952768108051783,-0.359122795581023
1.1726813471322373,1.2840530843897113,-0.04543723317889522
0.7549198084012958,1.1581936031730558,0.03907956451181537
2.4321546153385256,2.4619993159217226,0.14478934423086126
2.6060166231055284,2.578935642633942,0.43397444192239687
1.2443539672737312,0.6618573955854368,-0.539826492980422
2.952858710945454,2.9910439538371416,-0.7710710643522042
0.10046451096328088,3.096304021392999,0.932854148721177
2.1708995620997134,2.708687577554876,-0.33316641684491954
0.07048158890101408,0.017127869915938603,0.9900804106479529
1.3400083831789302,2.2728158932396596,0.8912291336573006
2.0309339750072577,1.9591214265662729,0.4054532022063552
1.9471122306189534,1.7921660804737853,0.6861511752329139
2.90399963680272,2.9221420056877268,-0.5252489152241502
2.4699027909269136,2.9093148859620626,0.13970007308295943
3.0397575732334636,0.701929029738118,-0.5226092267366237
2.594725547627807,2.327999961135265,0.44571813338572835
0.3396410882649473,3.09270009223686,0.3868467591470373
0.015903786925008295,2.3221321739446785,0.9988126660433693
0.9411953841152703,0.8130204280080082,-0.22111419476691324
2.8204935565310416,2.50366073965074,0.570201251158262
0.739744946456142,0.2995575251905482,0.08895008315975031
0.9553204714623499,1.789506561050304,0.04610470622458565
2.654171748586582,2.6097272406713876,0.4490466280250154
2.615372088325613,0.7881271960429967,-0.23336906857378448
0.45961307581876854,1.3613522148824446,0.4915501263318265
1.276415029570397,0.8676846466089464,-0.371635110512986
0.3431548395300276,1.5868777933552127,0.6617002250490811
1.8607467399885416,0.05049893565164632,-0.8328266740115883
0.6250591524180784,2.3283373816617488,0.03630950928049583
2.1217469814631547,0.514952590448914,-0.20795544529179313
3.05624201216958,2.0479624210912606,0.9851793171606207
3.138902228879534,0.7708011556635668,-0.7503931745910246
1.124270371269587,1.5107578666106032,0.07985771957293732
0.5291097095463793,2.1707610045753913,0.20097189077741492
2.212887069970685,2.217932235319297,-0.05495787760617729
0.13833393295642518,2.4583672709854483,0.9068783465502737
0.545775300282502,0.13156376880392343,0.4599218106176903
1.7146809322622807,0.670772615920919,-0.3915492582452226
1.3291840492225369,2.9571526850290755,0.6238799064240396
1.2944122822288238,1.5486932540547793,0.35776474661709323
1.9187586323631631,2.3859986411768723,0.10270990653069353
1.2331257363353028,1.4121133219305027,0.13244340278591374
0.3484837004531775,0.9700137177797524,0.7233983850167972
2.9766165489499157,1.144466668405649,-0.9130219736450312
1.5709213230240733,2.477085286669894,0.7318841448705612
1.867129543135884,0.742280572678647,-0.15246299438167832
1.005568656893905,0.8043740158165034,-0.29425111588366964
1.2557860836862318,0.7291345897926629,-0.49231211736750763
1.7387721563882754,1.8627503133059997,0.9396309852997282
0.9022636551542031,1.6015954429783192,-0.029044637203706914
0.47703064424116753,0.8435320005458731,0.5321784965855394
1.714944581008161,0.6858219105138722,-0.3686170483806958
2.5943330799355215,0.7174818081723274,-0.13136100534200568
0.8741214267510014,2.5789267703703995,0.11147206510624677
3.035240652530911,2.1293757141709957,0.9616745360509014
2.650257233552731,0.9085718861224162,-0.41207383009849236
1.708481287959404,2.279744259775204,0.7019486608678761
2.5973685341463963,2.0919827596789657,0.30630218123543296
0.3719115862187379,0.7486760946953749,0.707542645197921
1.5808376860311304,2.5588722030880042,0.6186855701479126
1.004228825649407,0.4416243516610325,-0.38282130030142913
1.7903813446652193,0.14589095626555815,-0.8744043158697854
1.6246136407647824,1.5425643529531352,0.8001050348903915
2.7960110244414147,0.8972446985231534,-0.6212763390646057
1.796910130396353,1.2461528614684285,0.5574532215088728
1.106727088643556,2.2735904505672515,0.4859083771868907
1.5814927208783918,2.591655609995562,0.5757681312410434
0.44256507676037093,0.3752569243027674,0.6244767959041274
2.4651101882085795,1.9584248034605205,0.024872066139863355
1.4741525418407844,2.277920460333389,0.9584870982730942
2.7145903822834145,0.3382978548124381,0.3988723169808893
2.268347996964581,0.9939609917791171,0.11042991207544169
2.9076566415022858,0.6580201505667896,-0.2997501750251383
0.056722278778714365,1.7580142020852212,0.9886362187861694
2.3817749718683254,2.213352712356923,0.027134636503135554
2.9631147876946677,0.028939056915388242,0.9335222523390194
0.957575732653267,2.0038122624615027,0.11512610556331804
1.1697840590607185,2.7458654441283694,0.6935270222953828
0.6844380131480797,1.1854150172661226,0.13808437179188185
1.7597997987351486,0.4964252736154195,-0.5967354312415338
2.7851942407997012,2.70320804004016,0.24158443647413777
2.474366368178775,1.5195321196642857,-0.190802150319648
0.06527318731878218,0.5181449355283788,0.990923908496129
0.7113991178233728,2.948149098762752,-0.07410121417273713
0.7554147411837423,1.070635267308216,0.04137546964184794
1.8391178648750433,1.3224913891797012,0.6521087030758118
2.2288636462297604,1.9937021189495132,0.06687848063216666
1.8079369774564196,0.3291980778309403,-0.7366539759327085
1.7438439960432535,0.11718556025720009,-0.9211306646957123
2.0921410720546825,1.6281553075785764,0.48634371652908
0.45284015201529537,0.4139101297772098,0.6063412882455332
2.904675952752207,2.353661792626886,0.7569939856231082
2.03531223085647,2.0521761290338656,0.3054892350793274
2.567566724422849,2.914110330223037,0.14904977427753072
3.0888205357251004,2.9309899220237905,-0.9266074741911959
1.4158311201724323,0.6998977932058573,-0.5218010965885722
0.4638693735328866,1.732114832914978,0.4162794448371138
2.51130371573027,1.7995117158799163,-0.05863183089591455
0.286170137212589,3.0069523712166184,0.5481436964792992
1.9193671955206248,2.5323643171543018,-0.11316715676122024
2.591857062291792,2.587960656907272,0.4137779415113548
0.4505833293710865,2.5961250281951016,0.24229652475027832
2.935589252932108,0.11044021363894767,0.8685821297864963
2.5754259777260926,0.8219155634309162,-0.22045152429201767
2.769966711980446,2.054453464860989,0.6108062012162058
2.3200341020279254,1.865598341078274,0.027079268242454
2.1981631235247185,1.9557549301852641,0.12484434589510571
2.9862987819573052,0.30137591228444444,0.591869589667632
2.6966551513656007,0.433458894580335,0.24624776988679223
1.7360780675970053,2.9451857332525337,-0.36893034528299234
2.8454950196614104,0.49507861288662375,0.13387011960640022
0.516203550935871,0.35339664367027007,0.5042454859492432
0.5552378938697616,2.038569604852804,0.18877722276007416
1.6264537918847177,3.036470211529573,-0.22297457327813713
0.2329044624653039,1.8433995072098839,0.8123703480010103
0.9297120782597685,2.7286273297859784,0.23415427503610686
2.342612664896157,2.620957979107297,-0.02688193579783159
1.7911615725839214,0.652873928734319,-0.353366250130799
0.5467952873242028,0.8387556126407514,0.41183536769982554
3.1053157010215577,0.5584308241695394,-0.1621550247502436
1.8239929996188249,2.1122211441664263,0.6625688335182462
1.0055609734937498,1.6490548626456474,0.03721771157717051
1.5154082296562397,2.9980308202386423,0.16731112324124406
1.4173319788063672,1.7754619894347319,0.7729667358417842
0.37166289758892906,0.34521833583525463,0.7301703519937476
2.405293317796202,2.8251997279773615,0.0854559553426966
2.094666669766022,2.1873843198486713,0.0650274845747582
1.7588937636005413,1.9802904449045329,0.8763522661008294
2.132753369994495,2.489820532524066,-0.24322272566705672
2.0541382894969242,2.0971891164335745,0.22353976627279545
2.2230925564992763,0.23438601227076222,-0.22815906980968048
0.45259383984948665,1.5733740345773195,0.4674711500663447
0.5328739834246647,2.1783995660623274,0.19285987236806781
2.1875140548463015,0.2900725219809866,-0.26656776259953235
1.1020488174139986,1.6079745118095785,0.11831088432664054
1.6794328989383762,1.9947789929440702,0.9553396238305364
0.6681757082456861,2.696790054653065,-0.05321618656732376
2.81089350903373,0.819677510345286,-0.5281461499234203
2.9670678649786746,1.2033799750200436,-0.8545770558544971
0.09975448387972391,0.8030480765809055,0.9770207227954054
0.528312229357173,0.42672009495257035,0.4793688679169831
1.9329052479050886,1.3505086297849076,0.6458078315370231
0.3319534383086833,0.3894661542354612,0.7810179000106647
0.8243576581534319,0.6063706450950429,-0.06831616316186914
0.33971217123395425,2.0071369877582423,0.6039952669364196
2.5294749069597597,1.9514487750894063,0.07536808468578696
1.0386254704841982,1.2494318420347739,-0.13083686649034243
0.23693655964556667,0.6711160975454505,0.8785819045889712
3.0757614020863695,2.7016523539419413,-0.4362431901158937
1.012575693501262,0.2270662059924594,-0.42733336021904916
1.5330281326032453,1.5320448864791738,0.6997636142034934
0.8086043411567924,0.8086784774521549,-0.0368250495191384
0.20307983910523106,2.6404109136432825,0.7897120613612734
2.8308601438724494,0.1977079242727843,0.6889773945021322
0.45502445063379005,1.8047947017589365,0.41813372123133985
1.6132734924663452,2.752580267167527,0.26742482771644455
0.35487335774996437,2.0157995045560106,0.5725827221848279
1.0057017180391226,2.8456051805794775,0.4099072203063105
1.6080975991149464,0.4078021984732615,-0.7903645303259084
0.27643706312866156,2.419173578879216,0.6677073901016254
0.5262192772761952,2.8987503614581605,0.022494811631526883
2.500790061254444,1.479400602606852,-0.2419084639150551
1.2247974762486928,0.009231178756544636,-0.7699236524353016
2.764014754505949,2.1667892994337783,0.6968897911383973
1.7860646641018594,0.05650247301466866,-0.9041183910739788
2.1474982094181003,0.29703357954163884,-0.32566489364972634
1.521173899360934,1.7997495896620337,0.9150259033780932
1.091615920055766,2.9026915404684828,0.5746520068981603
0.9459185447055504,3.029305383440597,0.30360156674340755
2.996311292688065,1.9145629647934927,0.818507590255352
0.2644309154718824,2.912823833236349,0.6196864039346688
2.1839298780238767,0.15921898048670768,-0.31753939737063636
0.6314177309973017,1.139188828688342,0.22802344481207867
2.582624867046899,0.515378536419606,0.10390526885736344
3.1409077233497675,1.4123643596827062,-0.2727811090883385
2.0877194629110063,0.6332503873765782,-0.12593046690421092
0.38377119205663607,2.336548902716276,0.4491802236867818
2.5052286244482396,1.4632490530363864,-0.254243820316803
1.1019134978567446,1.718437656699219,0.1876513852125787
1.3132221144740728,1.0348020315092519,-0.18299833819982084
0.3202773649126133,2.280227063659751,0.5972911075611352
1.4852379130871312,3.1203238105461732,0.07674927133596757
3.0934900158833734,2.6645813384468764,-0.37739361438294383
2.5114221276247397,0.4808592331599268,0.10851876003349732
2.5419670447888567,0.5390122525619324,0.0723574706971109
3.1112602710133905,3.031928715840893,-0.9981257321404461
1.8502785225194145,2.5551565626703234,-0.013023743497872855
2.0530271161518456,2.8487769550254782,-0.5168918817471068
2.7182345333662377,0.8426094002859789,-0.4366146885585841
2.7582794573556453,2.1193268527928786,0.6524200730877963
1.989566737011314,0.6857800495246785,-0.13715733335208316
2.7981947563709078,2.3026657464436235,0.7633897162136236
2.1327024178788814,1.9301245815901453,0.24263932511606248
2.5767073453253446,0.015316718113976531,0.4265348484865856
2.2867969477080847,1.3754900597955977,0.13834884942947456
1.1209468417408253,2.6840970134575257,0.6163652585879994
2.6371067443596896,0.5633296246368826,0.04535289486004704
0.8791846782533088,2.515095161400147,0.11142736983939687
2.0907015332450354,0.23287223649478694,-0.44754363065982056
3.1103823537894435,2.559084625648833,-0.10534746801099318
1.561746408451971,0.49678487519769304,-0.7137076977639691
0.42379782679207606,0.3347454024643907,0.6551393328851478
0.8182498376838108,1.2215144500833766,-0.03550153311263961
1.8788908407254161,3.093557215337157,-0.727327531771581
1.2208447958563682,0.7017462634785754,-0.5009492033287223
2.449025573316602,2.5487357779228352,0.18444020725541593
1.9541293127523773,1.0963657599314756,0.38965431740828277
1.29083611076393,0.4487710845169964,-0.7090621451633947
0.8046230451295396,1.2746641016297866,-0.019933802535947058
1.1651023741905848,1.5279214668091463,0.14311136109240438
0.9043625790614961,2.2605161319155576,0.10748199014085533
1.4167838884459927,0.9896478561901296,-0.1599790105839359
2.2294466302596683,0.15256895771741918,-0.23642088396907082
0.8202918844292476,1.4624352055729304,-0.025291951790042805
2.6910446352854143,2.9765968939273297,-0.09655124027552271
1.0593437542823907,2.26358500311367,0.3833651700682991
0.4606356327893023,2.8057932692064576,0.16618169736377844
1.7987959014046924,0.16586657715468436,-0.8581555784054308
2.3180144062586443,1.734548710432493,0.048657643290293345
0.3533628754828678,0.207928826580645,0.7584402470603057
2.655477536434321,1.6287908365685873,-0.2127454503369773
1.6637931402265997,2.3052767991191887,0.7554919324834178
2.9729757371955667,2.295307652256916,0.8090529617087571
0.725503252031779,0.7380284119032455,0.10277820462955695
2.0982669993565546,3.094882152069302,-0.48236938196550894
1.62925274381119,2.0503436359655964,0.9735856489928538
2.73326695993718,1.7538516098209063,0.05564001667066643
1.4173545488698258,0.7723541907422499,-0.4369008066430739
0.058684052107220955,0.24414203856762834,0.9930183398978455
0.699038631817797,0.7736880554465806,0.1473330922272215
0.6858803239283092,1.259267958214209,0.12844626387173166
2.6916735155317943,0.23177006511339798,0.504623734288561
1.5107090919499486,0.9385748104562808,-0.15118962246797019
1.7789628550100762,3.083729477058129,-0.6389322174485729
0.4318528853415028,2.7739417413019787,0.23664647134287797
1.3566831552265215,2.165624100528389,0.8909272331572801
2.428369749171023,2.2113350944104617,0.08791804312158152
3.0946579641937557,3.079197107935334,-0.990188782096587
1.869776875763132,2.948726871814784,-0.5935012858449563
0.3937380216546675,2.7497354802973537,0.330920043882885
2.2527452953771476,0.1631401700714971,-0.1917078828030006
1.5797741026841847,0.7400997440527128,-0.3908339764498175
1.095286983796486,2.5291010625540444,0.5412303026341182
2.7494694738013785,2.843397310297691,0.0255840127128731
0.07880074293639035,0.4870629811200203,0.9868792402358911
1.0244970736035155,2.020089694751542,0.22012900167015007
1.249431649246722,1.3739061059496127,0.11629874227547392
0.417688473119398,3.061405822745375,0.1931831617460318
0.25136642156680367,0.9089045224780731,0.8534987979301574
0.889444586140642,0.18062714144842132,-0.2039337995847176
2.1613598182740112,2.804293099073911,-0.3705516112594061
0.47339131854195166,0.6546356917880346,0.5564637950631593
1.919535293185577,0.8072346476067679,-0.016309847166702057
2.4813208763749994,2.73574667611117,0.2167263760578012
2.9787145528345493,0.8830638095750657,-0.826291493457219
0.10479117136591011,1.6833435037990827,0.962939366545381
2.5562710852941772,0.17978549578446146,0.34913823041045167
0.6084065425428493,1.896951399356882,0.14029278111533416
0.43948610099820856,1.2983869780638355,0.5368702244375034
2.76941259744196,2.3172592199846846,0.7289022121181431
1.8525796678619724,1.4953088382249815,0.7877147180161428
1.6177861907732383,0.38477726130049583,-0.8088455775525226
1.9089797370587969,2.02420823679504,0.5849687077384063
1.465713757413906,2.5694906136869564,0.793379302328295
1.159264655979951,1.5426627177392003,0.14677049936616426
2.1092737017682333,2.0872020759014034,0.1445601500233307
1.0039618628877094,0.06170973315859929,-0.4225265246972953
1.0947881236234913,0.32340781281096825,-0.5440627629737975
2.2870222727565617,0.7529437212424275,0.0207720339155644
0.05537402812708373,2.9172423598811186,0.980934308298849
2.7058245917734296,2.226055376110502,0.622040053842296
0.4889515544343597,1.2233239023684197,0.46175093287526314
1.6094010605377944,0.05316908447153798,-0.9933728184111413
0.0351360363461102,1.9525077555618386,0.9951854500776931
1.8234985169584481,2.034404524310269,0.7375219658458434
2.1084185888944127,0.010690725439677187,-0.47539635381598105
0.7204034788853624,2.427413101461468,-0.022941212825119496
0.15865639880887025,0.1911419325210286,0.9496404534436235
2.5565236112585454,0.4210115417908761,0.18509220415015942
0.05907549165699271,1.2969229590874127,0.9901151426926958
2.078776262580389,2.16631065306022,0.10936093916728104
0.6118484946314814,0.5530891130840967,0.32087866717178615
1.3078084749495555,1.4567789080889146,0.2838338484342078
1.1096391504540184,0.560592090904049,-0.4908418797200648
2.281502138743406,2.202398410002468,-0.04574008283508847
0.38973281446500846,1.899660830325963,0.5250919736282019
1.986381108811804,2.504347184110602,-0.17470732782977344
0.3624791576495459,1.8004817408159968,0.5946935934880864
2.2654679648210267,0.9302671056580682,0.09226823287599595
2.570687038204034,3.080356109280861,-0.026872268569606752
0.5269158691981871,1.9642352338400613,0.2523298533678745
1.8555305415530998,2.2373334751859133,0.44803500407105934
2.307200401021575,2.4127215119829253,-0.07377214729370878
1.4280344799668434,0.6324261578930248,-0.5940909169912827
2.282287593645853,1.1431213511889151,0.12687230947531533
1.0870857096537805,0.5434282281909544,-0.4712585088754625
2.672906745145309,2.2599828289447887,0.5745949675305889
2.6702496424499174,0.7798209596074499,-0.2876404862120958
2.4941214198010124,1.7661292224641112,-0.08242624208725459
0.2882266678513437,1.6820324361630616,0.7417879777167152
3.086353862821628,1.645395884081071,0.35559465886580416
1.0286570377262365,0.26712287735721,-0.4500106134952155
1.5377339194060595,2.7718949918661693,0.4339718388657324
2.6447381414234172,3.0967589088238614,-0.17995619094951595
0.7928119710194745,1.3408256831805974,-0.007209412031762777
0.39500016072411104,0.22582728336427163,0.7010467087699543
0.24773500356838257,1.8349882699537812,0.7903990843514113
1.018847134246317,2.126824097985924,0.2527097857404644
1.726720142874306,1.0388176700702425,0.21044416702484867
1.9586404640935409,2.844141618949394,-0.5402431302853102
2.856016537275312,2.2444354410634486,0.8345075795816297
2.085151164033383,1.3556221076554462,0.49055273466554117
2.9198709321413703,0.2434880849811007,0.684450928158259
0.36035749497206504,1.5435016561150592,0.6380787012614954
0.42619922139849636,0.9603584725346055,0.6038124287380787
1.7166038315819627,1.854099407596319,0.9569695560537451
0.6164799639868493,1.9485944151905432,0.11970998835435975
0.43401749490205044,0.40572115575031814,0.6363325162419
2.3038240115373196,0.8424048485218987,0.037802460102005886
2.8272207797957707,0.48884153804063635,0.15173674524066355
2.2939414941050735,1.6767396640154806,0.09460051214392294
1.0708030224667033,2.2602772106783684,0.4057541252972403
1.693131766336842,1.6701235627996358,0.9228229585360704
0.41936075677856977,2.3780713956621984,0.3626800306750638
1.2355600630152426,1.6847297522332694,0.38303966677771784
2.123313225367714,1.6673038539299252,0.4138941026607176
0.2121727076410672,1.8921569101335711,0.8388501909717165
1.5898564181920902,0.737533073817016,-0.38750079206922416
2.2320583335248743,0.24020608702993584,-0.21124876087253436
3.0054718696497154,0.32158599873264043,0.5472432983599712
2.733558639060689,1.5559621695319859,-0.3035768760632043
1.8073782665059666,2.2926547595610347,0.47936450653297036
2.6779098980482297,0.4159434030920819,0.2646962401065634
3.088757428514093,2.648382759791613,-0.31868684453617735
1.0156639793908875,1.678012346445406,0.0591547451677089
0.21131569741562065,1.0191463281189796,0.890944558244809
0.15969525368785567,3.0878720421792667,0.8363131117936325
2.6729428745698622,2.022533518286055,0.3785079843526191
2.608264297976593,2.95437320468271,0.07132471921561931
0.32476832418270646,2.9734795896680817,0.45301005810973666
1.0843473569615576,0.4781747466482731,-0.48891812092300835
0.7242286449037958,2.1779274860972233,-0.0007957963999524957
1.504350441229872,0.5275240350139763,-0.6951135997973386
2.5337464728736188,0.2885027689204899,0.25885774524259614
2.779449712064478,1.663381809736047,-0.06664736764375885
1.9376732411351563,0.13379534155878964,-0.7178475055188107
2.729625982125935,1.462079277837823,-0.4486913248776436
1.469429172038391,1.9083107811761664,0.9242718272271317
1.2197858852195573,2.829120761985628,0.7272997189006278
0.5524814650946134,1.9381202894218956,0.2153505911533018
2.939684764674591,2.2558885720064947,0.8643158161528226
0.2655414815948839,0.3435234066663852,0.8586741329906702
0.7497620101342137,2.2932299043309046,-0.010541812888664093
0.5060982241165659,1.6858063216021597,0.3485212781946508
1.323407074569562,2.2857145767765776,0.8740918015196936
0.0437216627894016,2.2875647466804017,0.991200916177625
1.2448742847004728,1.402671287649412,0.13868652290303407
0.4122284444466948,1.5517022823506288,0.5447270951940262
1.591535811340358,2.399196088276372,0.7789016714127474
0.03933548671748996,1.90073836077295,0.99412196490547
1.0347398915351653,2.468399880187142,0.3980934581310461
1.194348149501401,0.8997036517348601,-0.34743007503727663
0.39382030428606907,2.857146598773309,0.30407456755097384
1.4687656434940093,1.5497488304204388,0.6349024933982436
2.9495181081329336,1.756544784206693,0.418697804173004
2.67397110517388,2.3263792460396795,0.5924632363026374
2.1195767882146446,0.2866964628358332,-0.3741757341392085
1.0540868170772342,1.1854264982239866,-0.16163094931862995
0.2669994867958098,0.7689893012559303,0.8426986354101897
2.4563458918733145,0.6822919541451434,-0.020882497918092602
1.1698587630190043,2.721159929561775,0.6947535359301963
2.0884977126917437,1.4209535552223505,0.5024817231049323
0.10244821197431281,0.538717487246014,0.9775912969507926
1.3192339650975353,2.354358275950231,0.8755237625127552
0.7895570506231591,1.250606463986116,-0.004581715701792068
2.1089426319920817,2.319905470976054,-0.08504055805603485
0.100326553541992,0.033749264487826496,0.979930999175251
0.45445553974246194,1.4130729453106323,0.4921712521169434
2.9146951753728816,2.140282447203306,0.8978835341345902
0.4872480477581263,0.8780014966271288,0.5109743404100013
1.216449421436749,1.6034413336012432,0.28140229764502056
2.5513829723144923,0.931697429985689,-0.2746508465503826
0.7279765463564569,0.6708413539214941,0.10119584812641391
2.3476404667979027,2.566018398302547,-0.01653620448568217
2.8698696827129306,1.886578500432963,0.5526136726519777
1.0809772755000921,2.0808312021709336,0.3498055723461828
2.5953411288518415,2.2298807723558256,0.4048250477054296
2.434493984575029,0.19550737954128683,0.1386251971667365
3.0833584029015895,2.454044739521975,0.28142720780502023
1.9980124970363724,0.44088813410490596,-0.4179275607382181
0.323037284675664,1.6344718151712196,0.6897189191434931
1.9892771228256403,2.888614448284319,-0.5754807562144864
1.1994807563472194,2.8719774311071546,0.7030687668603295
1.523835331646696,1.6596376046996058,0.8145622904785934
1.398721220238667,2.923251879122827,0.5496998699673706
0.7713674294993711,2.607208666907645,-0.011959028516760336
0.5414009478316609,1.9451525075581668,0.23202395843165033
1.718370473335339,0.02585793807029993,-0.9558146898934813
0.5773862064131849,0.19599391074705516,0.40154182954716805
3.122230821233759,2.679961106860389,-0.49083930289564087
1.290333142522897,0.08869555574511857,-0.8412232437748618
0.20921732638917037,1.6624654827195806,0.8590114228695356
0.38042724998101146,1.2624210657123682,0.6423167002361346
1.470721076318379,1.7874175804646277,0.8539786847155444
0.09622328042318537,1.5634661015741478,0.9704527110502978
0.1151000677452692,0.31488100221044396,0.9729813730652139
1.3828636312582723,0.6779679787317642,-0.5504634040634293
0.005737940040108872,0.6904636169739453,0.9999263052544123
1.7380589102631634,2.4154115633727415,0.4646245266768422
2.2661195588746152,0.9197737756487593,0.08802019900223566
0.03217333080480812,1.6831387587470832,0.9964676304248715
2.1504189144350914,1.7941214604831992,0.30166202368746436
0.5628331382547138,3.093508022382429,-0.07298683335343711
1.6893928450128115,0.14208065182827512,-0.9441349019683235
1.6809963649840618,0.476262463300752,-0.6794364665622711
0.5377596458797927,0.6111056600879866,0.449841551270933
1.223742016674949,1.3802843213709106,0.09072820628427367
0.8703712113231393,2.8138536385579167,0.13017117924491345
2.5473488283558017,2.147772984365387,0.2566699637266024
2.9090536456021088,0.007278950349862722,0.8935862106442646
2.466229883204057,2.906654127555849,0.13819694507716887
1.2498285677386054,2.725895287705098,0.7729147297818935
1.5373512329728338,0.6858299222330302,-0.49267882700769033
1.5942037053856226,0.3441181350130396,-0.8523235267917713
2.1964530620428118,0.6287797437725844,-0.05922688014062554
1.927724231600901,0.2964873774349937,-0.6357135748213902
1.707871767691849,0.8309470697932974,-0.14542329217207406
1.0772997574769245,1.2514007262707034,-0.12172026967658038
2.8339041925292707,2.4774959054791057,0.6042103208434303
2.6786499158147348,0.39812254044164774,0.2904959038050575
2.676108229628416,0.9284935231480279,-0.4728235710559571
0.9217366994213737,2.275001530127527,0.13525127835514134
1.5476177045097066,2.495389424894551,0.7507897497500626
2.5795827901265955,1.009655935538624,-0.37122457234995976
0.8480964412200203,0.9365050202055895,-0.08765058694255193
1.8462047457225845,1.7424542825829445,0.8496804684243895
1.1619906343036894,1.4562085371748041,0.08276469039564344
0.3570865850146761,0.8954501742497397,0.7173342001721396
2.879266754148638,2.8396367477488136,-0.27397336603156724
1.0818183391981377,2.3075902594425086,0.44640525659089764
0.38417510729243637,1.148988096340939,0.6501357704082606
2.8986951836947155,1.893754291815678,0.6200413769909203
2.443193366210413,2.023466869378882,0.0396921867416724
2.6745779421952265,0.1356503815904484,0.5558931223159898
2.0910106204380097,2.1806057642888863,0.07695313471173451
1.2096414657763834,1.1961784773189252,-0.0926843317540045
2.8274549729500817,0.28428883059933774,0.5614476917859058
0.7487630912162413,0.8152878793998305,0.059982816909485676
2.8127981551015844,2.3843485172488372,0.7215449593941367
1.8986696454576824,0.37473054617772383,-0.6003020211199888
1.1543422112065214,0.2032533310957873,-0.6542953599375397
0.32639789649974965,1.9368595517633944,0.6408629155299879
0.3572662129521633,0.11427943822822777,0.7547701926674627
1.2935886817419473,1.15448557039318,-0.06571235351178863
1.6455153731345928,0.47350999587839154,-0.7035687093810131
0.48571870480077844,0.6120107284841871,0.5393718881487582
0.19281876644478638,0.1658458132325285,0.9260851018859533
2.257790368799945,1.5895807383172078,0.1762985872664965
2.5741253449181585,1.4033447330785094,-0.3762610686631168
0.8926860839618546,2.184110990275483,0.07876941748304085
0.22591107106476363,1.222188901505716,0.8655780297337027
0.37195230734874707,1.0639409291333601,0.6789602740918066
2.8809943087454193,0.5270290896227948,0.04544644040319655
2.0253834901842867,0.6191370077406427,-0.19140539707668328
1.8183967849406821,1.7778807135307393,0.8762086282379626
1.6331359010795607,2.5278700749655645,0.5471133053315361
2.1289560908944525,2.9170947362537776,-0.43782890430218896
2.0296648466877856,1.3760560634425796,0.5710593969384247
2.0688636540719116,1.4609087014633395,0.5396956750569603
0.49781842979876645,2.9793239208901174,0.04760913691007423
1.270248962321132,1.7263806309464054,0.4806227876610265
1.2650852951012923,2.629709971987282,0.8048278159767305
2.9267650612164666,0.19167815482463427,0.7697658138297665
0.4306628442033026,0.6753850003916678,0.6240699138217333
2.009774084826806,0.06217457116174012,-0.6337454614759579
2.4174385542718495,0.02727656122014757,0.12191654136003352
2.5146354305045366,1.2957950743657003,-0.3094799626070742
2.543500605098666,1.922047925772918,0.06419136597787173
0.07803995871456199,0.0441687907788176,0.9878383684803651
1.9386874327177555,0.7930632931409027,-0.024676842784269168
1.8448664532196182,1.2890120683672408,0.6165600899336596
2.8567543952399777,2.018409415267907,0.7319856829987557
2.1520641126748274,1.5178568346455654,0.39391933248626737
1.2619177319309,1.6332391241378232,0.38380073559320504
2.741681193092019,1.2190504893443361,-0.6828526015653493
1.9972848813713278,1.591325526420305,0.6572997644357588
1.4145051065797891,1.5918995666909403,0.5990287420451389
0.36299502075498125,1.4789221961713255,0.6426422844787215
1.627892987050356,2.9678665655459904,-0.11792657924171744
2.064277665409158,0.27255133850743746,-0.4662603288064991
0.38425039718001675,1.0986788482947907,0.6558314494494457
2.4587020269183606,1.1688615935706843,-0.19633014832175816
2.1051226165740573,1.2122933555780686,0.40005257421712875
2.056597038016577,2.3690474191967894,-0.0897332974725586
1.2366464627998843,1.1495045773474977,-0.11672045459837434
1.4402999764404183,2.1478686381575294,0.9650207133245378
0.5349193276201626,0.41104014707851205,0.4687033982390553
2.371460362889827,2.9807446387692953,0.021582951163845596
0.01888757152683262,1.5612200290720941,0.9988521848603806
1.7250415690840635,0.9175410919912688,0.011433430163837759
2.307757014662447,1.7841389599161814,0.0542167525584888
2.5243123956392903,2.427011187132936,0.32589607028713685
2.1963907701816763,2.581276396172322,-0.25686182942530383
2.846775781497226,1.9432291845089198,0.6074318542028649
1.5710215273179524,2.6979604064798393,0.45630215547472863
0.9402698817185781,0.33008627971921656,-0.29025044113461196
0.045069659731999175,0.7087105302847883,0.9954321910334024
1.0806300610170168,0.1475076346441024,-0.5496882023491637
2.250058908964635,0.6344906755812728,-0.030057062817319964
3.005150404579845,1.5761523460980624,0.023288671548434735
1.1086023433809706,1.289081873857486,-0.08507409399480562
0.04260355539030657,1.5315661182220601,0.9942517536430864
0.5060527392819703,3.072359107523163,0.008491772955460188
0.6431884055704435,3.080415748245425,-0.1119763481172141
2.6703837051536654,1.9026482050699218,0.21169904573755308
1.9213288495660161,3.097029242525124,-0.7222339897831231
1.3508653068766685,2.087501241542134,0.8584045378421118
0.11729507358090259,1.8066128241677217,0.9508540160130277
2.8584950772892195,0.37398692972042874,0.40591059003948243
1.5984640069529124,1.935151298627736,0.9973038494954292
1.879678481271562,1.2194287303892715,0.5383334702472148
2.5050841090822686,1.8206941735486744,-0.044250048630669975
0.6030193404516752,1.7039780593435765,0.18440195193533215
2.8285768044368336,2.181401215628246,0.8051977129807754
0.08200665708411277,1.548256737799218,0.9786384330431771
1.8978292337700455,0.666289879900064,-0.23929542946456514
1.4625854407363788,1.0496818478601095,-0.034710391406221064
1.285619508458694,1.8702594543515711,0.6231910942473449
1.0485149874442148,2.028089002213329,0.26496567015030953
0.6142644059012226,2.8986078925092484,-0.06987068710124952
2.006995694144275,1.2868516712293803,0.5451574840015934
1.9161786399529037,2.902561969751322,-0.5787703531823657
0.3593158232130203,2.709552357425951,0.4232764123482124
1.2845844621865654,2.059835805473132,0.7394698482395432
1.1078051632953794,0.42245623566945845,-0.5364204966435214
1.6575262215872972,0.5229461000637533,-0.6375582200436949
1.2826508497423201,1.4510419702973842,0.24007637781896665
1.9547574767779783,0.8041369191313512,0.0007886495615290286
2.6566341986445092,0.673876516923372,-0.12307496953008702
2.470909714322475,0.41038165879638716,0.12018290935072888
1.6804335590277586,1.6162318071136437,0.88897369912674
2.312371432780972,0.7992220524405612,0.023963435821449587
0.7365976200484383,1.3050820579303541,0.055781897523598106
1.6054235662276912,2.8712272156089385,0.10242577886251106
2.1100865533183697,1.45508034089029,0.47138093059303193
2.0888419159189886,0.8088413469433389,0.060369040764166576
0.5108171889606903,0.9695654242014418,0.45925240936522366
0.7514666630063873,2.0577799532980454,0.0016573571614238833
1.0225468359569692,1.085321524326611,-0.20316795026182002
2.835477096027406,1.0311370485358118,-0.7990292579143636
2.2456687694367936,0.24003860694252235,-0.18816475346513126
3.0256160590355203,1.258731468178791,-0.7647329841943022
1.91857488319669,2.601277615936521,-0.2109448008115075
0.18733681100471283,0.4181835082101811,0.9277727892897502
2.2090040435545792,1.7559275427537449,0.21480032668936802
0.3650276712959781,0.17922916589127355,0.7435433769602857
2.8400011850547786,2.9677455078613493,-0.4474650377010531
2.191805560437629,2.867691304361312,-0.32288578254484984
2.0966551575660763,0.028174503225464848,-0.49521508386531843
1.0700991869796206,0.2792758350780506,-0.5152315918446025
2.184121747521157,1.7096768767977033,0.27987352483621714
3.0595901685952014,1.6018299033463832,0.18492357882130417
2.802234589531727,2.8750406306440315,-0.15658998908817973
0.6868603762573737,2.0287035365049086,0.03454577216577555
1.7077148842843521,2.0360452155617637,0.9090977217448769
2.558038397906379,0.8425488899316457,-0.21673915115035344
1.0088597384180265,1.7072501749039857,0.06526106714541463
1.719872489644798,0.5815506243019479,-0.5163094612211712
1.7918097562018327,1.4553250870390635,0.7780792369035567
